iter	Logloss
0	0.6653720984
1	0.6566014845
2	0.6307502
3	0.6228747873
4	0.6154093726
5	0.6083305604
6	0.6047887824
7	0.6015563091
8	0.5785664751
9	0.5725168099
10	0.5698589424
11	0.5484977691
12	0.5282359506
13	0.5260382558
14	0.5069173644
15	0.5021877379
16	0.4842668012
17	0.4825222589
18	0.4783132959
19	0.4615723629
20	0.4601127252
21	0.4442688871
