iter	Logloss
0	0.6443332857
1	0.5998425198
2	0.575644038
3	0.540830137
4	0.5166135827
5	0.4924178031
6	0.4762577264
7	0.4497582873
8	0.4266987712
9	0.4140161062
10	0.4027435044
11	0.3798517824
12	0.3639303173
13	0.3467765424
14	0.3284047005
15	0.316333739
16	0.3002568874
17	0.289719886
18	0.2772413914
19	0.2594120649
20	0.2432456908
